season,event,team,player,games_played,wins,loses,win_rate,kills,deaths,assists,kill_death_assist_ratio,creep_score,cs/min,gold,gold/min,damage,damage/min,kill_participation,kill_share,gold_share
10,Play in,INTZ,Envy,5,1,4,20,1.6,2.4,6.4,3.33,296.2,8.17,13.1,360,16200,446,75.5,15.1,21.9
10,Play in,INTZ,micaO,5,1,4,20,1.8,2.2,6.6,3.82,267.4,7.37,12.8,352,16500,454,79.2,17,21.5
10,Play in,INTZ,RedBert,5,1,4,20,1,3.2,6.6,2.38,47.6,1.31,8,222,5500,152,71.7,9.4,13.5
10,Play in,INTZ,Shini,5,1,4,20,1.6,3.2,5,2.06,206,5.68,11.2,308,9000,248,62.3,15.1,18.8
10,Play in,INTZ,Tay,5,1,4,20,4.6,3.2,2.6,2.25,296.6,8.18,14.4,398,15500,427,67.9,43.4,24.3
10,Play in,Legacy_Esports,Babip,8,3,5,37.5,3.13,2.5,6.88,4,193.25,6.2,11.1,355,13100,420,81.6,25.5,20.8
10,Play in,Legacy_Esports,Isles,8,3,5,37.5,0.38,3.38,7.88,2.44,34.25,1.1,6.9,220,3900,127,67.3,3.1,12.9
10,Play in,Legacy_Esports,Raes,8,3,5,37.5,4.25,3.38,4.5,2.59,269.5,8.65,13,416,15700,503,71.4,34.7,24.3
10,Play in,Legacy_Esports,Tally,8,3,5,37.5,1.88,2.38,7.38,3.89,234,7.51,11.1,355,11800,378,75.5,15.3,20.8
10,Play in,Legacy_Esports,Topoon,8,3,5,37.5,2.63,2.63,6,3.29,211.75,6.8,11.3,364,13700,438,70.4,21.4,21.3
10,Play in,LGD_Gaming,Kramer,11,8,3,72.7,3.82,1.27,5.55,7.36,311.09,9.38,14.4,434,18700,563,68.2,27.8,23.5
10,Play in,LGD_Gaming,Langx,11,8,3,72.7,2.55,2.18,6.45,4.13,269.45,8.12,13,393,13800,416,65.6,18.5,21.3
10,Play in,LGD_Gaming,Mark,11,8,3,72.7,1,2.09,8.09,4.35,38.55,1.16,7.8,236,4300,128,66.2,7.3,12.8
10,Play in,LGD_Gaming,Peanut,11,8,3,72.7,2.64,2.45,6,3.52,209.55,6.32,11.6,351,10000,301,62.9,19.2,19
10,Play in,LGD_Gaming,xiye,11,8,3,72.7,3.73,2.82,6.73,3.71,284.27,8.57,14.2,429,18000,543,76.2,27.2,23.3
10,Play in,MAD_Lions,Carzzy,10,4,6,40,2.7,2.8,5.9,3.07,210.3,6.28,11.5,345,18000,536,73.5,23.1,20.4
10,Play in,MAD_Lions,Humanoid,10,4,6,40,2.9,3.3,4.9,2.36,320.1,9.56,14.1,420,20100,600,66.7,24.8,24.8
10,Play in,MAD_Lions,Kaiser,10,4,6,40,1.1,3.5,7.2,2.37,80.6,2.41,8.3,248,6300,187,70.9,9.4,14.7
10,Play in,MAD_Lions,Orome,10,4,6,40,2.4,3.2,5.6,2.5,234.1,6.99,11.6,348,12100,360,68.4,20.5,20.6
10,Play in,MAD_Lions,Shad0w,10,4,6,40,2.6,3.6,5,2.11,208.7,6.23,11.1,330,12300,367,65,22.2,19.5
10,Play in,Papara_SuperMassive,Armut,12,5,7,41.7,3.75,2.67,6.08,3.69,242,7.69,12,381,13700,436,72.8,27.8,22.4
10,Play in,Papara_SuperMassive,Bolulu,12,5,7,41.7,2.33,2.75,6.08,3.06,232,7.37,11,349,12400,394,62.3,17.3,20.5
10,Play in,Papara_SuperMassive,KaKAO,12,5,7,41.7,2.92,2.67,7.08,3.75,214.58,6.82,11.3,360,14200,452,74.1,21.6,21.1
10,Play in,Papara_SuperMassive,SnowFlower,12,5,7,41.7,0.67,3.67,7.58,2.25,35.75,1.14,6.9,220,4300,137,61.1,4.9,13
10,Play in,Papara_SuperMassive,Zeitnot,12,5,7,41.7,3.83,2.67,5.67,3.56,254.83,8.1,12.3,391,15800,503,70.4,28.4,23
10,Play in,PSG_Talon,Hanabi,5,4,1,80,3.6,2.6,8.6,4.69,265.8,8.13,13.1,400,15700,479,64.9,19.1,21.6
10,Play in,PSG_Talon,Kaiwing,5,4,1,80,0.6,1.4,14.4,10.71,40.4,1.24,7.9,241,4700,144,79.8,3.2,13
10,Play in,PSG_Talon,Kongyue,5,4,1,80,6.8,1.2,7.8,12.17,254,7.77,13.9,425,16100,493,77.7,36.2,22.9
10,Play in,PSG_Talon,Uniboy,5,4,1,80,5.2,0.6,9.2,24,270.8,8.28,13.6,417,16600,508,76.6,27.7,22.5
10,Play in,PSG_Talon,Dee,3,2,1,66.7,3,1.33,11.67,11,244.33,7.16,12.9,380,16100,471,78.6,16.1,20.8
10,Play in,PSG_Talon,Unified,2,2,0,100,2,1.5,12.5,9.67,207.5,6.78,10.7,351,12200,398,76.3,10.5,18.6
10,Play in,Movistar_R7,Acce,7,2,5,28.6,1.86,3.29,4.57,1.96,238.43,7.3,11.1,341,12200,372,59.2,17.1,20.5
10,Play in,Movistar_R7,Aloned,7,2,5,28.6,3.29,3.43,4.29,2.21,259.86,7.95,12.5,382,15000,459,69.7,30.3,23
10,Play in,Movistar_R7,Josedeodo,7,2,5,28.6,3.14,2.71,3.86,2.58,196.14,6,10.9,334,10900,332,64.5,28.9,20.1
10,Play in,Movistar_R7,Leza,7,2,5,28.6,1.86,3.14,4.43,2,247.29,7.57,12,368,12700,388,57.9,17.1,22.1
10,Play in,Movistar_R7,Shadow,7,2,5,28.6,0.71,2.57,6,2.61,70.14,2.15,7.8,240,5500,167,61.8,6.6,14.4
10,Play in,Team_Liquid,Broxah,5,4,1,80,4.2,1.2,7,9.33,190,6.37,11.2,375,10000,335,67.5,25.3,19.8
10,Play in,Team_Liquid,CoreJJ,5,4,1,80,0.2,1,12,12.2,33.8,1.13,7.3,247,3600,121,73.5,1.2,13
10,Play in,Team_Liquid,Impact,5,4,1,80,3.2,1.8,6.8,5.56,221.2,7.42,11.4,382,12500,420,60.2,19.3,20.1
10,Play in,Team_Liquid,Jensen,5,4,1,80,5.8,1.4,7,9.14,267,8.96,13.6,456,13900,466,77.1,34.9,24
10,Play in,Team_Liquid,Tactical,5,4,1,80,3.2,1.6,8.6,7.38,273.8,9.18,13.1,440,13900,465,71.1,19.3,23.2
10,Play in,Unicorns_of_Love_2e-CIS,AHaHaCiK,8,6,2,75,3.88,2.75,7.75,4.23,197,6.22,11.7,369,11700,369,67.4,22.5,19.8
10,Play in,Unicorns_of_Love_2e-CIS,BOSS,8,6,2,75,3.38,2.75,5.63,3.27,233.13,7.36,12.7,399,13300,420,52.2,19.6,21.4
10,Play in,Unicorns_of_Love_2e-CIS,Gadget,8,6,2,75,4,3,7.5,3.83,251,7.92,12.8,404,19000,598,66.7,23.2,21.6
10,Play in,Unicorns_of_Love_2e-CIS,Nomanz,8,6,2,75,5,2.5,6,4.4,284.75,8.99,14.1,445,22800,721,63.8,29,23.8
10,Play in,Unicorns_of_Love_2e-CIS,SaNTaS,8,6,2,75,1,2.25,9.63,4.72,36.38,1.15,7.9,248,4600,145,61.6,5.8,13.3
10,Play in,V3_Esports,Ace,5,1,4,20,2.2,3.6,4.4,1.83,211.8,6.57,10.7,331,14300,445,64.7,21.6,20.3
10,Play in,V3_Esports,Archer,5,1,4,20,3.6,3,4.4,2.67,313.4,9.72,14,435,20100,625,78.4,35.3,26.7
10,Play in,V3_Esports,Bugi,5,1,4,20,2.4,4.8,4.8,1.5,174.4,5.41,10.2,317,11100,345,70.6,23.5,19.4
10,Play in,V3_Esports,Paz,5,1,4,20,1.6,4,3,1.15,223,6.92,10.8,333,10400,322,45.1,15.7,20.5
10,Play in,V3_Esports,Raina,5,1,4,20,0.4,4.6,5.4,1.26,41.2,1.28,6.9,214,5000,156,56.9,3.9,13.1
10,Main,DWG_KIA,BeryL,17,14,3,82.4,1.29,2.65,7.29,3.24,46.53,1.49,7.9,254,6000,192,51.6,7.8,13.2
10,Main,DWG_KIA,Canyon,17,14,3,82.4,5.12,1.59,6.35,7.22,218.53,7,12.7,408,14300,459,68.9,30.7,21.2
10,Main,DWG_KIA,Ghost,17,14,3,82.4,3.88,1.41,6.88,7.63,280.53,8.99,13.8,442,15800,507,64.7,23.3,23
10,Main,DWG_KIA,Nuguri,17,14,3,82.4,2.53,2.29,7.88,4.54,245.18,7.85,12.4,397,16100,517,62.5,15.2,20.7
10,Main,DWG_KIA,ShowMaker,17,14,3,82.4,3.82,1.82,6,5.39,265.59,8.51,13.1,419,14700,472,59,23,21.8
10,Main,DRX,Chovy,9,4,5,44.4,1.78,1.33,4.11,4.42,319.22,9.63,13.4,405,11800,357,51.5,15.5,22.5
10,Main,DRX,Deft,9,4,5,44.4,1.78,1.56,5.56,4.71,302.22,9.12,13.6,409,16300,493,64.1,15.5,22.7
10,Main,DRX,Doran,9,4,5,44.4,2.44,2.11,4.78,3.42,287.11,8.66,13,393,16300,492,63.1,21.4,21.8
10,Main,DRX,Keria,9,4,5,44.4,1.33,2.56,6.11,2.91,43.11,1.3,7.7,233,5100,155,65,11.7,12.9
10,Main,DRX,Pyosik,9,4,5,44.4,4.11,2.33,4.67,3.76,224,6.76,12.1,364,12900,389,76.7,35.9,20.2
10,Main,FlyQuest,IgNar,6,3,3,50,0.67,2.5,6.5,2.87,29.17,0.91,7.2,225,4500,142,59.7,5.6,12.9
10,Main,FlyQuest,PowerOfEvil,6,3,3,50,4.5,1.83,3.83,4.55,283,8.88,13.3,417,16100,505,69.4,37.5,23.9
10,Main,FlyQuest,Santorin,6,3,3,50,2.33,2.67,5.17,2.81,168.83,5.29,10.1,316,9600,300,62.5,19.4,18.2
10,Main,FlyQuest,Solo,6,3,3,50,1.17,4.5,4.17,1.19,241.17,7.56,11.3,354,13500,422,44.4,9.7,20.3
10,Main,FlyQuest,WildTurtle,6,3,3,50,3.33,1.83,4.17,4.09,283.83,8.9,13.7,430,14300,448,62.5,27.8,24.7
10,Main,Fnatic,Bwipo,11,6,5,54.5,2.09,2.27,4.91,3.08,238.45,8.07,11.5,387,12500,422,58.8,17.6,21.5
10,Main,Fnatic,Hylissang,11,6,5,54.5,1,2.82,6.91,2.81,35,1.18,6.9,233,4400,148,66.4,8.4,12.9
10,Main,Fnatic,Nemesis,11,6,5,54.5,3.18,1.73,4.18,4.26,252.09,8.53,11.6,393,11500,389,61.8,26.7,21.8
10,Main,Fnatic,Rekkles,11,6,5,54.5,2.27,1.09,6,7.58,272.55,9.22,12.1,411,10500,356,69.5,19.1,22.8
10,Main,Fnatic,Selfmade,11,6,5,54.5,3.36,2.09,4.82,3.91,210.91,7.14,11.1,376,11700,396,68.7,28.2,20.9
10,Main,G2_Esports,Caps,14,8,6,57.1,4.43,2.86,7.43,4.15,268.71,8.42,13.1,411,18100,568,72.8,27.2,22.5
10,Main,G2_Esports,Jankos,14,8,6,57.1,3.57,3,7.86,3.81,201.21,6.3,11.5,359,12400,390,70.2,21.9,19.7
10,Main,G2_Esports,Mikyx,14,8,6,57.1,1.29,3.57,9.43,3,39.5,1.24,7.7,242,7800,244,65.8,7.9,13.2
10,Main,G2_Esports,Perkz,14,8,6,57.1,4.29,2.43,6.93,4.62,288.36,9.03,13.8,434,18900,592,68.9,26.3,23.7
10,Main,G2_Esports,Wunder,14,8,6,57.1,2.71,3.07,6.21,2.91,255.21,7.99,12.2,382,12500,392,54.8,16.7,20.9
10,Main,Gen_2e-G,Bdd,9,5,4,55.6,2.89,2.67,4.89,2.92,267.56,8.34,13.2,411,14200,441,59.3,22,22.6
10,Main,Gen_2e-G,Clid,9,5,4,55.6,2.56,3.44,5.78,2.42,196.67,6.13,11.2,350,11200,348,63.6,19.5,19.3
10,Main,Gen_2e-G,Life,9,5,4,55.6,1.11,3.67,7.11,2.24,28.44,0.89,7.4,232,4700,147,62.7,8.5,12.8
10,Main,Gen_2e-G,Rascal,9,5,4,55.6,2.89,4.11,5.11,1.95,253.11,7.89,12.4,385,13600,423,61,22,21.2
10,Main,Gen_2e-G,Ruler,9,5,4,55.6,3.67,2.33,5.33,3.86,292.11,9.11,14,438,22000,687,68.6,28,24.1
10,Main,JD_Gaming,Kanavi,10,5,5,50,2.6,3.1,6.7,3,204.2,6.83,10.8,360,12000,402,67.9,19,19.7
10,Main,JD_Gaming,LokeN,10,5,5,50,3.3,1.9,6.3,5.05,262.1,8.77,12.4,416,13800,463,70.1,24.1,22.8
10,Main,JD_Gaming,LvMao,10,5,5,50,1.7,3.8,7.8,2.5,40.9,1.37,7.4,248,6200,206,69.3,12.4,13.6
10,Main,JD_Gaming,Yagao,10,5,5,50,2.3,2.6,6.8,3.5,240.1,8.04,11.5,385,12200,409,66.4,16.8,21.1
10,Main,JD_Gaming,Zoom,10,5,5,50,3.8,3.5,4.1,2.26,248.8,8.33,12.4,416,13100,437,57.7,27.7,22.8
10,Main,LGD_Gaming,Kramer,6,3,3,50,2.17,2,7.33,4.75,310.5,8.58,14.2,392,15400,426,67.9,15.5,22.5
10,Main,LGD_Gaming,Langx,6,3,3,50,3.17,2.83,5,2.88,291.67,8.06,13.6,375,14900,410,58.3,22.6,21.5
10,Main,LGD_Gaming,Mark,6,3,3,50,1.5,4.67,6.67,1.75,47.5,1.31,8.4,232,6200,171,58.3,10.7,13.3
10,Main,LGD_Gaming,Peanut,6,3,3,50,2.17,2.17,6.83,4.15,227.17,6.28,12,333,13200,364,64.3,15.5,19.1
10,Main,LGD_Gaming,xiye,6,3,3,50,5,2.5,5.67,4.27,310.5,8.58,14.8,410,19200,529,76.2,35.7,23.5
10,Main,Machi_Esports,Bruce,6,1,5,16.7,1.33,3,3.83,1.72,296.67,9.05,12.8,392,15800,482,57.4,14.8,24
10,Main,Machi_Esports,Gemini,6,1,5,16.7,3.17,3.17,3,1.95,163,4.97,10.1,308,7900,240,68.5,35.2,18.9
10,Main,Machi_Esports,Koala,6,1,5,16.7,0.33,3.83,4.5,1.26,48.83,1.49,6.8,209,4800,147,53.7,3.7,12.8
10,Main,Machi_Esports,Mission,6,1,5,16.7,2.33,3.67,3,1.45,288.67,8.81,12.4,380,13800,421,59.3,25.9,23.3
10,Main,Machi_Esports,PK,6,1,5,16.7,1.83,3.5,4.33,1.76,231.83,7.07,11.3,344,11700,357,68.5,20.4,21.1
10,Main,PSG_Talon,Hanabi,6,2,4,33.3,0.67,2.33,2.83,1.5,226.5,8.14,9.8,353,9000,324,55.3,10.5,21.7
10,Main,PSG_Talon,Kaiwing,6,2,4,33.3,0.5,2.33,4.33,2.07,37.33,1.34,6.2,222,2700,97,76.3,7.9,13.6
10,Main,PSG_Talon,River,6,2,4,33.3,1.83,2.5,3.5,2.13,170.67,6.13,9.1,327,6700,240,84.2,28.9,20.1
10,Main,PSG_Talon,Tank,6,2,4,33.3,1.67,2,2.33,2,246,8.84,10.1,364,9700,348,63.2,26.3,22.3
10,Main,PSG_Talon,Unified,6,2,4,33.3,1.67,2,2.67,2.17,229.83,8.26,10.1,364,11000,395,68.4,26.3,22.3
10,Main,Rogue__28-European_Team_29-,Finn,6,1,5,16.7,1.5,3.33,3.67,1.55,216.17,7.26,10.3,346,10100,340,58.5,17,21.3
10,Main,Rogue__28-European_Team_29-,Hans sama,6,1,5,16.7,2.33,2.33,3.5,2.5,254.83,8.56,11.3,378,8400,282,66,26.4,23.2
10,Main,Rogue__28-European_Team_29-,Inspired,6,1,5,16.7,2.5,3.5,3.33,1.67,189.5,6.36,10.1,339,9200,308,66,28.3,20.8
10,Main,Rogue__28-European_Team_29-,Larssen,6,1,5,16.7,1.5,2.17,4.5,2.77,233.83,7.85,10.2,343,10600,354,67.9,17,21.1
10,Main,Rogue__28-European_Team_29-,Vander,6,1,5,16.7,1,3.17,5.17,1.95,36.5,1.23,6.6,220,4000,133,69.8,11.3,13.5
10,Main,Suning,Angel,19,12,7,63.2,3.37,2.11,6.47,4.68,280.42,8.23,13.3,390,16000,470,65.6,22.5,21
10,Main,Suning,Bin,19,12,7,63.2,3.89,2.89,5.16,3.13,291,8.54,14.6,429,18300,536,60.4,26,23.1
10,Main,Suning,huanfeng,19,12,7,63.2,4,2.16,5.79,4.54,320.42,9.4,15,439,21200,622,65.3,26.7,23.6
10,Main,Suning,SofM,19,12,7,63.2,2.79,2.37,7,4.13,235.89,6.92,12.5,366,12500,367,65.3,18.6,19.7
10,Main,Suning,SwordArt,19,12,7,63.2,0.95,3.26,8.42,2.87,38.84,1.14,8,234,4800,140,62.5,6.3,12.6
10,Main,Team_Liquid,Broxah,6,3,3,50,2.17,1.67,7,5.5,198.5,6.12,11,339,9600,298,70.5,16.7,19.5
10,Main,Team_Liquid,CoreJJ,6,3,3,50,1.33,2.17,7.67,4.15,52.83,1.63,8,248,6700,205,69.2,10.3,14.3
10,Main,Team_Liquid,Impact,6,3,3,50,1.83,2.5,4.5,2.53,233.83,7.21,10.9,335,12100,374,48.7,14.1,19.2
10,Main,Team_Liquid,Jensen,6,3,3,50,3.67,1.5,5,5.78,293.83,9.06,13.1,403,14600,450,66.7,28.2,23.2
10,Main,Team_Liquid,Tactical,6,3,3,50,4,2.83,5.33,3.29,283.67,8.75,13.4,414,15200,469,71.8,30.8,23.8
10,Main,Top_Esports,369,15,9,6,60,2.67,2.2,4.27,3.15,273,8.33,13,397,15000,457,51.5,19.8,21.9
10,Main,Top_Esports,JackeyLove,15,9,6,60,3,2.53,7.27,4.05,297.47,9.07,13.8,420,20600,627,76.2,22.3,23.1
10,Main,Top_Esports,Karsa,15,9,6,60,3.73,1.8,5.73,5.26,204.4,6.24,11.8,359,10800,331,70.3,27.7,19.8
10,Main,Top_Esports,knight,15,9,6,60,3.47,1.67,4.53,4.8,293.2,8.94,13.4,410,14100,431,59.4,25.7,22.6
10,Main,Top_Esports,yuyanjia,15,9,6,60,0.6,2.53,8.07,3.42,34.6,1.06,7.5,229,4500,139,64.4,4.5,12.6
10,Main,TSM,Biofrost,6,0,6,0,0.5,3,4.33,1.61,40.17,1.2,6.9,207,3900,117,60.4,6.3,12.9
10,Main,TSM,Bjergsen,6,0,6,0,1.67,2.5,3.5,2.07,281,8.39,12.2,364,11100,331,64.6,20.8,22.8
10,Main,TSM,Broken Blade,6,0,6,0,2.17,3,2.67,1.61,239.33,7.15,11.8,351,12600,376,60.4,27.1,22
10,Main,TSM,Doublelift,6,0,6,0,1.83,3.5,2.67,1.29,279.67,8.35,12.1,362,15400,459,56.3,22.9,22.7
10,Main,TSM,Spica,6,0,6,0,1.83,2.17,3.17,2.31,208.83,6.24,10.5,312,11200,335,62.5,22.9,19.6
10,Main,Unicorns_of_Love_2e-CIS,AHaHaCiK,6,0,6,0,2.17,5.33,3.83,1.13,174.5,5.43,10.3,320,12400,386,64.3,23.2,20.2
10,Main,Unicorns_of_Love_2e-CIS,BOSS,6,0,6,0,2.5,4.67,2.83,1.14,218,6.78,10.6,330,12600,393,57.1,26.8,20.8
10,Main,Unicorns_of_Love_2e-CIS,Gadget,6,0,6,0,2,3.5,2.83,1.38,239.33,7.45,11,342,19100,593,51.8,21.4,21.6
10,Main,Unicorns_of_Love_2e-CIS,Nomanz,6,0,6,0,2.33,4.83,2.5,1,278.83,8.68,12.3,384,16900,524,51.8,25,24.2
10,Main,Unicorns_of_Love_2e-CIS,SaNTaS,6,0,6,0,0.33,4.67,4.83,1.11,38.83,1.21,6.7,208,3300,102,55.4,3.6,13.1
11,Play in,Beyond_Gaming,Doggo,13,5,8,38.5,5.92,2,5,5.46,320.46,9.97,15.2,471,21200,660,71.7,38.9,26.5
11,Play in,Beyond_Gaming,Husha,13,5,8,38.5,3.31,3.31,6.31,2.91,173.15,5.38,10.9,340,11800,368,63.1,21.7,19.1
11,Play in,Beyond_Gaming,Kino,13,5,8,38.5,0.85,3.92,8.54,2.39,34.31,1.07,7.5,235,4400,135,61.6,5.6,13.2
11,Play in,Beyond_Gaming,Liang,12,5,7,41.7,2.83,3.08,5,2.54,225.5,7.05,11.7,367,13300,416,49.7,18,20.4
11,Play in,Beyond_Gaming,Maoan,10,5,5,50,2.9,3.8,6.8,2.55,272.3,7.99,13.1,384,12700,372,54.5,16.3,21.1
11,Play in,Beyond_Gaming,PK,4,0,4,0,1,5,3,0.8,185.75,6.66,8.6,308,9900,354,55.2,13.8,19.4
11,Play in,Cloud9,Blaber,8,6,2,75,4.75,2.38,8.13,5.42,193,6.66,11.3,391,12900,446,67.8,25,19.9
11,Play in,Cloud9,Fudge,8,6,2,75,3.88,1.88,7.75,6.2,230.38,7.95,12.2,421,13700,472,61.2,20.4,21.4
11,Play in,Cloud9,Perkz,8,6,2,75,4.5,1.88,6.13,5.67,263.38,9.09,12.8,441,14800,510,55.9,23.7,22.4
11,Play in,Cloud9,Vulcan,8,6,2,75,1.25,3,12.25,4.5,26.75,0.92,7.4,255,5100,174,71.1,6.6,12.9
11,Play in,Cloud9,Zven,8,6,2,75,4.63,2,5.88,5.25,280,9.66,13.3,461,15200,526,55.3,24.3,23.4
11,Play in,DetonatioN_FocusMe,Aria,5,4,1,80,2.6,0.8,4.6,9,275.2,8.56,13.1,407,13500,419,43.9,15.9,22
11,Play in,DetonatioN_FocusMe,Evi,5,4,1,80,3.8,2.2,6.2,4.55,224.6,6.99,12.1,377,10900,339,61,23.2,20.3
11,Play in,DetonatioN_FocusMe,Gaeng,5,4,1,80,0.8,2.4,10.8,4.83,30.6,0.95,7.8,243,3700,114,70.7,4.9,13.1
11,Play in,DetonatioN_FocusMe,Steal,5,4,1,80,4.2,1.4,6.4,7.57,184.2,5.73,11.5,358,12100,378,64.6,25.6,19.3
11,Play in,DetonatioN_FocusMe,Yutapon,5,4,1,80,5,0.8,6.4,14.25,317.8,9.89,15.1,470,15000,468,69.5,30.5,25.3
11,Play in,Galatasaray_Esports,Alive,9,4,5,44.4,4,3.67,3.78,2.12,303.89,9.31,13.7,419,15900,488,56.5,29,23.8
11,Play in,Galatasaray_Esports,Bolulu,9,4,5,44.4,2.67,2.44,6.56,3.77,255,7.81,12.6,386,15500,474,66.9,19.4,21.9
11,Play in,Galatasaray_Esports,Crazy,9,4,5,44.4,2.89,3.11,5.22,2.61,240.78,7.37,12.7,389,17400,531,58.9,21,22.1
11,Play in,Galatasaray_Esports,Mojito,9,4,5,44.4,3.44,4.67,5.11,1.83,187.78,5.75,11.1,340,11900,366,62.1,25,19.3
11,Play in,Galatasaray_Esports,Zergsting,9,4,5,44.4,0.78,4.78,7.78,1.79,34,1.04,7.5,230,5100,156,62.1,5.6,13
11,Play in,Hanwha_Life_Esports,Chovy,7,6,1,85.7,2.29,1.29,4.86,5.56,299.71,10.22,13.2,451,18200,620,43.9,14,23
11,Play in,Hanwha_Life_Esports,Deft,7,6,1,85.7,5.43,1.57,5.14,6.73,278.43,9.49,13.5,461,22800,777,64.9,33.3,23.5
11,Play in,Hanwha_Life_Esports,Morgan,7,6,1,85.7,2.71,2.14,5.29,3.73,256.71,8.75,12.4,422,13800,469,49.1,16.7,21.5
11,Play in,Hanwha_Life_Esports,Vsta,7,6,1,85.7,0.86,2.14,9.29,4.73,35.86,1.22,7.2,247,4900,166,62.3,5.3,12.6
11,Play in,Hanwha_Life_Esports,Willer,7,6,1,85.7,5,2,6.71,5.86,178.86,6.1,11.2,380,11600,397,71.9,30.7,19.4
11,Play in,INFINITY,Ackerman,4,0,4,0,0,2.5,5.5,2.2,33.75,1.11,6.3,208,4500,146,64.7,0,13.2
11,Play in,INFINITY,Buggax,4,0,4,0,4.5,3,1,1.83,243.75,8,11.8,386,19400,635,64.7,52.9,24.5
11,Play in,INFINITY,cody,4,0,4,0,1,4.75,3.75,1,194.75,6.39,9.2,303,12700,416,55.9,11.8,19.3
11,Play in,INFINITY,SolidSnake,4,0,4,0,1.25,4.25,4.5,1.35,169,5.54,9.1,299,7800,258,67.6,14.7,19
11,Play in,INFINITY,Whitelotus,4,0,4,0,1.75,2.75,3.25,1.82,286,9.38,11.5,378,12100,396,58.8,20.6,24
11,Play in,LNG_Esports,Ale,4,4,0,100,6.5,0.75,4,14,277.5,9.39,15.1,512,20100,680,60.9,37.7,25.8
11,Play in,LNG_Esports,icon,4,4,0,100,2.25,1.25,6.5,7,265.75,9,11.8,399,18400,624,50.7,13,20.1
11,Play in,LNG_Esports,Iwandy,4,4,0,100,0.75,0.5,9,19.5,39.75,1.35,7.3,248,3600,124,56.5,4.3,12.5
11,Play in,LNG_Esports,Light,4,4,0,100,4,0.5,5,18,290,9.82,13.4,455,17500,594,52.2,23.2,22.9
11,Play in,LNG_Esports,Tarzan,4,4,0,100,3.75,1.5,6.5,6.83,192.75,6.53,11,372,13200,447,59.4,21.7,18.8
11,Play in,PEACE__28-Oceanic_Team_29-,Aladoric,12,5,7,41.7,0.75,2.75,9,3.55,34.5,1.27,6.6,242,4200,155,69.2,5.3,13.5
11,Play in,PEACE__28-Oceanic_Team_29-,Babip,12,5,7,41.7,3.5,3.75,6.42,2.64,153.08,5.63,9.6,355,10800,397,70.4,24.9,19.8
11,Play in,PEACE__28-Oceanic_Team_29-,Tally,12,5,7,41.7,3.25,3.42,5.75,2.63,234.5,8.63,11.1,407,13400,492,63.9,23.1,22.7
11,Play in,PEACE__28-Oceanic_Team_29-,Violet,12,5,7,41.7,3.92,3,4.92,2.94,237.83,8.75,11.2,413,12600,465,62.7,27.8,23.1
11,Play in,PEACE__28-Oceanic_Team_29-,Vizicsacsi,12,5,7,41.7,2.67,3.25,3.67,1.95,213.42,7.86,10.1,373,12500,461,45,18.9,20.8
11,Play in,RED_Canids,Aegis,9,3,6,33.3,2.11,3.67,4.89,1.91,180.33,6.42,9.7,345,8900,315,61.2,18.4,20.1
11,Play in,RED_Canids,Guigo,9,3,6,33.3,2.44,4,3.67,1.53,201.33,7.17,10.4,371,13300,474,53.4,21.4,21.6
11,Play in,RED_Canids,Jojo,9,3,6,33.3,0.67,3.89,6.78,1.91,32.67,1.16,6.5,230,3600,129,65,5.8,13.4
11,Play in,RED_Canids,TitaN,9,3,6,33.3,4,3,3.33,2.44,244.22,8.7,11.9,422,14900,530,64.1,35,24.6
11,Play in,RED_Canids,Grevthar,7,2,5,28.6,2.29,3.29,4.57,2.09,210.43,7.22,10.1,347,10300,354,58.5,19.5,20.3
11,Play in,RED_Canids,Avenger,2,1,1,50,2,2,5,3.5,194,7.96,8.9,364,9800,401,66.7,19,20.8
11,Play in,Unicorns_of_Love_2e-CIS,AHaHaCiK,5,1,4,20,1.6,3.4,5.2,2,163,5.35,9.5,312,7000,230,61.8,14.5,19.1
11,Play in,Unicorns_of_Love_2e-CIS,BOSS,5,1,4,20,4.6,4.2,3.8,2,204.6,6.72,11.6,381,13000,426,76.4,41.8,23.3
11,Play in,Unicorns_of_Love_2e-CIS,Argonavt,5,1,4,20,1.4,3.4,6.6,2.35,155.6,5.11,9.7,319,12100,398,72.7,12.7,19.5
11,Play in,Unicorns_of_Love_2e-CIS,Nomanz,5,1,4,20,2.8,3.6,4.8,2.11,255.2,8.38,11.5,376,16600,546,69.1,25.5,23
11,Play in,Unicorns_of_Love_2e-CIS,SaNTaS,5,1,4,20,0.6,3.6,5.6,1.72,99.6,3.27,7.5,248,4300,142,56.4,5.5,15.1
11,Main,100_Thieves,Abbedagge,6,3,3,50,2.5,2.67,4.33,2.56,298.17,8.6,12.9,373,12700,366,56.9,20.8,21.9
11,Main,100_Thieves,Closer,6,3,3,50,2.17,3.33,5.67,2.35,193.17,5.57,10.8,310,6500,188,65.3,18.1,18.2
11,Main,100_Thieves,FBI,6,3,3,50,3.83,2.33,4.67,3.64,322.83,9.31,14.7,424,15300,442,70.8,31.9,24.9
11,Main,100_Thieves,huhi,6,3,3,50,1.67,2.33,8.17,4.21,25,0.72,8.3,238,6200,179,81.9,13.9,14
11,Main,100_Thieves,Ssumday,6,3,3,50,1.83,2.17,4.83,3.08,272,7.84,12.4,358,15400,444,55.6,15.3,21
11,Main,Cloud9,Blaber,10,3,7,30,2.4,2.6,6.4,3.38,216,6.16,11.7,333,9500,272,73.3,20,18.9
11,Main,Cloud9,Fudge,10,3,7,30,3.2,2.7,4.1,2.7,282,8.04,13.6,387,13900,398,60.8,26.7,22
11,Main,Cloud9,Perkz,10,3,7,30,3.3,2.8,5.2,3.04,313.4,8.94,14.5,413,14100,403,70.8,27.5,23.5
11,Main,Cloud9,Vulcan,10,3,7,30,0.7,3.5,8,2.49,31.3,0.89,7.7,220,4800,138,72.5,5.8,12.5
11,Main,Cloud9,Zven,10,3,7,30,2.4,2.9,4.5,2.38,328,9.36,14.2,406,13900,397,57.5,20,23.1
11,Main,DetonatioN_FocusMe,Aria,6,0,6,0,2.33,2.17,3.33,2.62,243.83,7.81,11.2,357,13200,424,75.6,31.1,22.8
11,Main,DetonatioN_FocusMe,Evi,6,0,6,0,1.67,4.17,3,1.12,218.17,6.99,10.4,333,11800,377,62.2,22.2,21.3
11,Main,DetonatioN_FocusMe,Gaeng,6,0,6,0,0.33,3.83,3.67,1.04,31.33,1,6.4,204,4200,135,53.3,4.4,13
11,Main,DetonatioN_FocusMe,Steal,6,0,6,0,1.17,4,3,1.04,160.33,5.14,9.1,292,7100,228,55.6,15.6,18.6
11,Main,DetonatioN_FocusMe,Yutapon,6,0,6,0,2,2.67,2,1.5,284,9.1,11.9,380,11900,382,53.3,26.7,24.3
11,Main,DWG_KIA,BeryL,19,14,5,73.7,1.16,2.32,8.74,4.27,44.84,1.29,8.7,250,6000,172,64.6,7.6,13.7
11,Main,DWG_KIA,Canyon,19,14,5,73.7,2.89,1.79,6.84,5.44,179.47,5.18,11.5,331,8700,252,63.6,18.9,18.1
11,Main,DWG_KIA,Ghost,19,14,5,73.7,3.79,1.58,5.37,5.8,303,8.74,14.6,422,16200,468,59.8,24.7,23.1
11,Main,DWG_KIA,Khan,19,14,5,73.7,3.53,2.89,5.95,3.27,297.58,8.58,14.5,418,17600,509,61.9,23,22.9
11,Main,DWG_KIA,ShowMaker,19,14,5,73.7,3.95,1.42,6.58,7.41,285.53,8.24,14.1,406,17500,504,68.7,25.8,22.2
11,Main,EDward_Gaming,Flandre,21,13,8,61.9,2.67,2.52,4.33,2.77,305.24,9.32,13.9,426,17200,527,56.8,21.6,23.6
11,Main,EDward_Gaming,JieJie,21,13,8,61.9,2.24,2.48,7.38,3.88,169.86,5.19,10.6,324,8700,265,78,18.1,18
11,Main,EDward_Gaming,Meiko,21,13,8,61.9,0.67,1.95,8.95,4.93,25.52,0.78,7.7,236,5000,153,78,5.4,13.1
11,Main,EDward_Gaming,Scout,21,13,8,61.9,3.29,1.81,5.19,4.68,279.33,8.53,13.1,399,13900,426,68.7,26.6,22.1
11,Main,EDward_Gaming,Viper,21,13,8,61.9,3.48,1.95,4.95,4.32,302.24,9.23,13.7,418,15800,481,68.3,28.2,23.2
11,Main,Fnatic,Adam,6,1,5,16.7,4.33,6.5,5,1.44,287.17,7.62,14.8,394,20400,541,59.6,27.7,22.4
11,Main,Fnatic,BEAN,6,1,5,16.7,4,3.67,5.33,2.55,302,8.01,14.8,394,19200,508,59.6,25.5,22.4
11,Main,Fnatic,Bwipo,6,1,5,16.7,3.67,5,8.67,2.47,232.67,6.17,13.3,354,16600,439,78.7,23.4,20.1
11,Main,Fnatic,Hylissang,6,1,5,16.7,0.5,7.83,10.83,1.45,34.67,0.92,8.5,226,7100,188,72.3,3.2,12.8
11,Main,Fnatic,Nisqy,6,1,5,16.7,3.17,4.83,7.83,2.28,297.83,7.9,14.8,392,20000,532,70.2,20.2,22.3
11,Main,FunPlus_Phoenix,Crisp,7,2,5,28.6,0.86,2.86,4.71,1.95,30.71,0.92,7.2,215,2900,88,61.9,9.5,12.6
11,Main,FunPlus_Phoenix,Doinb,7,2,5,28.6,1.57,2.86,3.86,1.9,302.29,9.04,13.6,406,11400,343,60.3,17.5,23.7
11,Main,FunPlus_Phoenix,Lwx,7,2,5,28.6,3,2.86,2.43,1.9,314.14,9.4,13.7,410,9700,290,60.3,33.3,24
11,Main,FunPlus_Phoenix,Nuguri,7,2,5,28.6,2.14,4,3.14,1.32,277.14,8.29,12.4,372,16100,481,58.7,23.8,21.7
11,Main,FunPlus_Phoenix,Tian,7,2,5,28.6,1.43,3.29,4,1.65,179,5.36,10.3,308,5700,171,60.3,15.9,18
11,Main,Gen_2e-G,Bdd,16,10,6,62.5,3.25,2.5,6.25,3.8,287.81,7.98,14,389,19500,540,67.3,23,21.6
11,Main,Gen_2e-G,Clid,16,10,6,62.5,3.25,3.06,6.44,3.16,183,5.07,11.7,326,10500,292,68.6,23,18.1
11,Main,Gen_2e-G,Life,16,10,6,62.5,1.19,2.44,9.31,4.31,24.75,0.69,8.4,234,4800,134,74.3,8.4,13
11,Main,Gen_2e-G,Ruler,16,10,6,62.5,3.5,1.56,5.69,5.88,340,9.43,16,443,16200,450,65,24.8,24.7
11,Main,Gen_2e-G,Rascal,13,8,5,61.5,2.85,2.54,3.92,2.67,311.46,8.72,14.5,407,13000,364,49.4,20.8,22.8
11,Main,Gen_2e-G,Burdol,3,2,1,66.7,3.33,6.33,5,1.32,293.33,7.8,15,399,14800,393,52.1,20.8,21.7
11,Main,Hanwha_Life_Esports,Chovy,10,4,6,40,3.5,2.3,5.4,3.87,322.1,9.03,14.9,418,21000,589,70.6,27.8,24.1
11,Main,Hanwha_Life_Esports,Deft,10,4,6,40,4,2.3,4.7,3.78,315.1,8.84,14.6,409,20200,565,69,31.7,23.6
11,Main,Hanwha_Life_Esports,Morgan,10,4,6,40,1.8,3.2,6.3,2.53,275.3,7.72,13.2,369,12600,353,64.3,14.3,21.3
11,Main,Hanwha_Life_Esports,Vsta,10,4,6,40,0.8,3.1,8.1,2.87,35.9,1.01,8,224,4800,134,70.6,6.3,12.9
11,Main,Hanwha_Life_Esports,Willer,10,4,6,40,2.5,2.8,6.4,3.18,184.4,5.17,11.1,311,7900,221,70.6,19.8,18
11,Main,LNG_Esports,Ale,7,3,4,42.9,3.43,2.86,4.14,2.65,274.86,8.68,13,411,13600,430,60.2,27.3,23.4
11,Main,LNG_Esports,icon,7,3,4,42.9,3.86,3.14,4,2.5,268.86,8.49,12.4,392,12200,384,62.5,30.7,22.3
11,Main,LNG_Esports,Iwandy,7,3,4,42.9,0.71,2,7,3.86,32,1.01,7.1,225,3200,101,61.4,5.7,12.8
11,Main,LNG_Esports,Light,7,3,4,42.9,2.86,1,5,7.86,306.86,9.69,13.4,422,17300,545,62.5,22.7,24
11,Main,LNG_Esports,Tarzan,7,3,4,42.9,1.71,1.57,6.29,5.09,167.71,5.3,9.8,309,7500,237,63.6,13.6,17.6
11,Main,MAD_Lions,Armut,11,4,7,36.4,3.18,4.18,5.55,2.09,287.64,7.76,14.3,387,15700,424,57.5,21,21.7
11,Main,MAD_Lions,Carzzy,11,4,7,36.4,3.91,3.45,5.36,2.68,328.55,8.86,15.6,420,18700,503,61.1,25.7,23.5
11,Main,MAD_Lions,Elyoya,11,4,7,36.4,3,4,7.73,2.68,198,5.34,12.2,330,9900,267,70.7,19.8,18.5
11,Main,MAD_Lions,Humanoid,11,4,7,36.4,4.18,3.82,6,2.67,330.27,8.91,15.5,419,21000,567,67.1,27.5,23.5
11,Main,MAD_Lions,Kaiser,11,4,7,36.4,0.91,3.09,10.18,3.59,32.73,0.88,8.5,229,5900,159,73.1,6,12.8
11,Main,PSG_Talon,Hanabi,6,3,3,50,5.83,3,6.33,4.06,310.5,8.44,16.1,438,21100,574,78.5,37.6,24.9
11,Main,PSG_Talon,Kaiwing,6,3,3,50,0.5,2.17,10.33,5,26.67,0.73,8.1,219,8000,217,69.9,3.2,12.5
11,Main,PSG_Talon,Maple,6,3,3,50,4.33,2.67,5,3.5,293.17,7.97,14.2,386,16600,451,60.2,28,21.9
11,Main,PSG_Talon,River,6,3,3,50,2.5,3,8.5,3.67,203.83,5.54,12.1,330,11500,313,71,16.1,18.8
11,Main,PSG_Talon,Unified,6,3,3,50,2.33,2,5.67,4,305.17,8.3,14.2,387,14500,395,51.6,15.1,22
11,Main,Rogue__28-European_Team_29-,Hans sama,8,3,5,37.5,4.13,1.88,4.63,4.67,364.5,9.85,16.2,438,17300,467,66,31.1,25
11,Main,Rogue__28-European_Team_29-,Inspired,8,3,5,37.5,3.25,3.13,5.75,2.88,199.88,5.4,12,323,11300,305,67.9,24.5,18.5
11,Main,Rogue__28-European_Team_29-,Larssen,8,3,5,37.5,3.13,2.38,4.63,3.26,319.75,8.64,14.8,399,12300,333,58.5,23.6,22.8
11,Main,Rogue__28-European_Team_29-,Odoamne,8,3,5,37.5,2,3.25,4.25,1.92,294.75,7.97,13.6,368,18100,490,47.2,15.1,21.1
11,Main,Rogue__28-European_Team_29-,Trymbi,8,3,5,37.5,0.75,3.88,9.5,2.65,28.13,0.76,8.2,220,5400,147,77.4,5.7,12.6
11,Main,Royal_Never_Give_Up,Cryin,12,7,5,58.3,2.58,2.33,9.5,5.18,236.17,6.89,12.6,367,14500,422,74.4,15.9,20.4
11,Main,Royal_Never_Give_Up,GALA,12,7,5,58.3,4.25,1.75,4.83,5.19,319.67,9.33,14.9,434,16400,479,55.9,26.2,24.1
11,Main,Royal_Never_Give_Up,Ming,12,7,5,58.3,1.17,3.75,8.75,2.64,35.42,1.03,8,232,4600,133,61,7.2,12.9
11,Main,Royal_Never_Give_Up,Wei,12,7,5,58.3,4.42,3.42,7.92,3.61,165.58,4.83,11.8,344,13000,379,75.9,27.2,19.1
11,Main,Royal_Never_Give_Up,Xiaohu,12,7,5,58.3,3.83,2.75,6.5,3.76,302.92,8.84,14.6,425,17700,516,63.6,23.6,23.6
11,Main,T1,Canna,14,10,4,71.4,2.64,1.86,4.5,3.85,262.93,8.47,12.6,405,14600,470,61,22.6,22.1
11,Main,T1,Faker,14,10,4,71.4,1.86,1.43,4.79,4.65,252.64,8.14,11.8,381,11200,360,56.7,15.9,20.8
11,Main,T1,Gumayusi,14,10,4,71.4,3.5,1,3.71,7.21,316.57,10.2,14.1,455,14600,471,61.6,29.9,24.9
11,Main,T1,Keria,14,10,4,71.4,0.57,1.21,8.57,7.53,27.07,0.87,7.7,248,3800,123,78,4.9,13.5
11,Main,T1,Oner,14,10,4,71.4,3.14,1.71,5.14,4.83,173.64,5.6,10.6,342,9400,303,70.7,26.8,18.7
11,Main,Team_Liquid,Alphari,7,3,4,42.9,2.71,2.43,3.14,2.41,287.86,8.61,13.3,397,13200,396,54.7,25.3,22.9
11,Main,Team_Liquid,CoreJJ,7,3,4,42.9,0.86,3.57,6.71,2.12,37.43,1.12,7.5,224,3500,105,70.7,8,12.9
11,Main,Team_Liquid,Jensen,7,3,4,42.9,3.43,2.14,4.71,3.8,283.57,8.49,13.5,404,16400,492,76,32,23.3
11,Main,Team_Liquid,Santorin,7,3,4,42.9,1.71,2.14,7.57,4.33,160.71,4.81,10.3,307,8000,240,86.7,16,17.7
11,Main,Team_Liquid,Tactical,7,3,4,42.9,2,2.43,3.43,2.24,311,9.31,13.4,400,15000,449,50.7,18.7,23.1
12,Play in,Beyond_Gaming,Husha,5,2,3,40,3,2.6,8.4,4.38,157,4.92,10.4,325,9800,308,86.4,22.7,18.6
12,Play in,Beyond_Gaming,Kino,5,2,3,40,0.2,5,9,1.84,36.2,1.13,7.1,222,3100,98,69.7,1.5,12.7
12,Play in,Beyond_Gaming,Minji,5,2,3,40,6,2.8,4.8,3.86,236,7.4,12.6,396,14300,449,81.8,45.5,22.7
12,Play in,Beyond_Gaming,Wako,5,2,3,40,2.6,2,6.4,4.5,302.4,9.48,13.7,428,19500,611,68.2,19.7,24.6
12,Play in,Beyond_Gaming,Likai,4,1,3,25,1,2.25,4.75,2.56,275.25,8.23,12.2,365,12400,370,43.4,7.5,21.5
12,Play in,Beyond_Gaming,Liang,1,1,0,100,3,1,5,8,216,8.4,10.4,404,8900,348,61.5,23.1,20.2
12,Play in,Chiefs_Esports_Club,Aladoric,5,0,5,0,0.4,4.2,5.6,1.43,32.4,1.15,5.9,209,4000,142,68.2,4.5,12.9
12,Play in,Chiefs_Esports_Club,Arthur,5,0,5,0,3,4,3.8,1.7,155.8,5.55,9.6,342,10700,381,77.3,34.1,21.1
12,Play in,Chiefs_Esports_Club,Raes,5,0,5,0,2,4,3.6,1.4,238.4,8.49,10.4,369,12400,441,63.6,22.7,22.7
12,Play in,Chiefs_Esports_Club,Tally,5,0,5,0,1.6,3.4,4.8,1.88,229.4,8.17,9.9,353,14200,506,72.7,18.2,21.8
12,Play in,Chiefs_Esports_Club,Topoon,5,0,5,0,1.8,3.8,3,1.26,212.8,7.58,9.8,348,14600,519,54.5,20.5,21.4
12,Play in,DetonatioN_FocusMe,Evi,14,7,7,50,2.21,3.71,5.64,2.12,243.43,7.44,12,367,18600,569,56.7,16,20.6
12,Play in,DetonatioN_FocusMe,Harp,14,7,7,50,0.71,3.36,9,2.89,28,0.86,7.6,231,7700,236,70.1,5.2,13
12,Play in,DetonatioN_FocusMe,Steal,14,7,7,50,1.93,3.43,8.29,2.98,151.79,4.64,9.9,303,10600,323,73.7,13.9,17
12,Play in,DetonatioN_FocusMe,Yaharong,14,7,7,50,3.71,2.79,5,3.13,296.07,9.04,13.8,421,20700,631,62.9,26.8,23.6
12,Play in,DetonatioN_FocusMe,Yutapon,14,7,7,50,5.29,2.71,4.5,3.61,318.71,9.74,15.1,460,19600,597,70.6,38.1,25.8
12,Play in,DRX,BeryL,5,5,0,100,1.6,1.4,9,7.57,33,1.1,7.6,255,7000,232,57.6,8.7,13
12,Play in,DRX,Deft,5,5,0,100,4.6,1.2,8,10.5,295.6,9.86,14.1,469,23100,771,68.5,25,24
12,Play in,DRX,Kingen,5,5,0,100,2.8,2.4,6,3.67,238.8,7.96,11.9,398,16800,559,47.8,15.2,20.4
12,Play in,DRX,Zeka,5,5,0,100,7.4,0.8,4.8,15.25,321.8,10.73,15.6,519,22200,742,66.3,40.2,26.5
12,Play in,DRX,Pyosik,3,3,0,100,1.33,1.67,10,6.8,130.33,3.97,9.4,287,9100,276,61.8,7.3,15.2
12,Play in,DRX,Juhan,2,2,0,100,3,1.5,9.5,8.33,147.5,5.74,9.4,365,12200,476,67.6,16.2,17.5
12,Play in,Evil_Geniuses_2e-NA,Impact,10,8,2,80,4.2,1.2,5.6,8.17,253.3,8.18,13.5,436,17600,568,56.6,24.3,23
12,Play in,Evil_Geniuses_2e-NA,Inspired,10,8,2,80,2.9,0.9,9.7,14,159,5.13,10.6,341,9900,319,72.8,16.8,17.9
12,Play in,Evil_Geniuses_2e-NA,jojopyun,10,8,2,80,3.7,2.6,7.1,4.15,242.1,7.82,12.2,393,17100,553,62.4,21.4,20.7
12,Play in,Evil_Geniuses_2e-NA,Kaori,10,8,2,80,5.7,1.9,5.1,5.68,305.7,9.87,14.8,479,16000,516,62.4,32.9,25.2
12,Play in,Evil_Geniuses_2e-NA,Vulcan,10,8,2,80,0.8,1.7,11.9,7.47,30.5,0.98,7.8,250,5300,171,73.4,4.6,13.2
12,Play in,Fnatic,Humanoid,5,4,1,80,5.2,1.8,3.8,5,269.4,8.78,13.9,453,25200,822,59.2,34.2,23.3
12,Play in,Fnatic,Razork,5,4,1,80,2.4,2.6,8,4,197.4,6.44,11.4,370,12300,402,68.4,15.8,19
12,Play in,Fnatic,Upset,5,4,1,80,5.4,0.4,4.6,25,318.2,10.37,14.8,483,16000,522,65.8,35.5,24.8
12,Play in,Fnatic,Wunder,5,4,1,80,1.4,2,5.2,3.3,263.4,8.59,11.9,387,15100,494,43.4,9.2,19.9
12,Play in,Fnatic,Hylissang,3,2,1,66.7,1.33,4.33,7.67,2.08,36.67,1.17,7.8,248,7900,252,55.1,8.2,13.1
12,Play in,Fnatic,Rhuckz,2,2,0,100,0,0,11,22,40.5,1.36,7.6,255,4000,136,81.5,0,12.6
12,Play in,Istanbul_Wildcats,Farfetch,5,0,5,0,0.2,6.4,7.8,1.25,27,0.84,6.6,205,6600,206,69,1.7,12.8
12,Play in,Istanbul_Wildcats,Ferret,5,0,5,0,1.4,4.8,7,1.75,132,4.12,8.9,277,10500,328,72.4,12.1,17.2
12,Play in,Istanbul_Wildcats,HolyPhoenix,5,0,5,0,4.4,3,5.6,3.33,297.4,9.28,13.6,423,15900,497,86.2,37.9,26.3
12,Play in,Istanbul_Wildcats,Serin,5,0,5,0,3.8,3.6,5,2.44,257,8.02,12.4,387,24800,772,75.9,32.8,24
12,Play in,Istanbul_Wildcats,StarScreen,5,0,5,0,1.8,4,5.2,1.75,213.8,6.67,10.2,317,13800,431,60.3,15.5,19.7
12,Play in,Isurus,ADD,5,1,4,20,2.6,5,4.6,1.44,190.2,6.46,9.9,338,14800,502,67.9,24.5,20.5
12,Play in,Isurus,Gavotto,5,1,4,20,2.2,3.6,4,1.72,236.6,8.04,11.1,379,11500,390,58.5,20.8,23
12,Play in,Isurus,Grell,5,1,4,20,3.2,5.2,5.8,1.73,190.2,6.46,10.7,364,13700,465,84.9,30.2,22.1
12,Play in,Isurus,Jelly,5,1,4,20,0.8,6,5.4,1.03,33.8,1.15,6.4,217,4800,162,58.5,7.5,13.2
12,Play in,Isurus,seiya,5,1,4,20,1.8,3.2,4.6,2,224.4,7.62,10.2,346,12200,414,60.4,17,21
12,Play in,LOUD,Brance,10,4,6,40,3.6,2.8,5.9,3.39,252,8.3,12.1,400,16900,558,66.4,25.2,22.9
12,Play in,LOUD,Ceos,10,4,6,40,0.6,4,9.5,2.53,33.4,1.1,6.9,228,4900,161,70.6,4.2,13.1
12,Play in,LOUD,Croc,10,4,6,40,2.7,3.8,6.5,2.42,148.8,4.9,9.9,327,11500,379,64.3,18.9,18.7
12,Play in,LOUD,Robo,10,4,6,40,4.2,4.4,5.6,2.23,234.1,7.71,12.4,408,19300,636,68.5,29.4,23.3
12,Play in,LOUD,tinowns,10,4,6,40,3.2,2.5,6.1,3.72,239.7,7.9,11.7,384,15600,513,65,22.4,22
12,Play in,MAD_Lions,Armut,12,6,6,50,1.75,2.92,6.33,2.77,246.67,7.79,12.2,384,14200,448,59.9,13,21.1
12,Play in,MAD_Lions,Elyoya,12,6,6,50,3.92,2,6.67,5.29,189.42,5.98,11.8,373,9700,306,78.4,29,20.4
12,Play in,MAD_Lions,Kaiser,12,6,6,50,0.33,3.5,7.83,2.33,32.17,1.02,7.1,226,4300,135,60.5,2.5,12.4
12,Play in,MAD_Lions,Nisqy,12,6,6,50,3.5,2.92,6.42,3.4,265.67,8.39,12.9,408,18600,586,73.5,25.9,22.4
12,Play in,MAD_Lions,UNF0RGIVEN,12,6,6,50,4,2.25,5.08,4.04,284.75,8.99,13.7,433,16400,516,67.3,29.6,23.7
12,Play in,Royal_Never_Give_Up,Breathe,9,7,2,77.8,4.22,2.33,4.33,3.67,284,8.62,14.1,429,17400,528,47.5,23.5,21.8
12,Play in,Royal_Never_Give_Up,GALA,9,7,2,77.8,4.78,1.22,7,9.64,339.56,10.31,16,484,20300,615,65.4,26.5,24.6
12,Play in,Royal_Never_Give_Up,Ming,9,7,2,77.8,1,2.33,11.44,5.33,32.78,0.99,8.3,251,5300,162,69.1,5.6,12.8
12,Play in,Royal_Never_Give_Up,Wei,9,7,2,77.8,3.67,1.44,8.78,8.62,183.89,5.58,12.2,370,11700,355,69.1,20.4,18.8
12,Play in,Royal_Never_Give_Up,Xiaohu,9,7,2,77.8,4.33,2.33,7.56,5.1,282.44,8.57,14.2,432,18800,571,66,24.1,22
12,Play in,Saigon_Buffalo,BeanJ,9,3,6,33.3,1.89,3.56,6,2.22,149.89,5,9.5,316,9200,306,62.8,15,17.8
12,Play in,Saigon_Buffalo,Froggy,9,3,6,33.3,1.56,2.67,6,2.83,233.89,7.8,10.8,360,14800,492,60.2,12.4,20.3
12,Play in,Saigon_Buffalo,Hasmed,9,3,6,33.3,3.22,3,3.33,2.19,240.56,8.02,11.7,392,14800,493,52.2,25.7,22.1
12,Play in,Saigon_Buffalo,Shogun,9,3,6,33.3,4.89,1.89,4.22,4.82,303,10.1,13.9,462,19200,641,72.6,38.9,26.1
12,Play in,Saigon_Buffalo,Taki,9,3,6,33.3,1,3.11,8.22,2.96,33.11,1.1,7.3,243,5000,166,73.5,8,13.7
12,Main,100_Thieves,Abbedagge,6,1,5,16.7,1.83,2.83,3.83,2,262.67,8.54,11.6,378,14200,463,64.2,20.8,22.6
12,Main,100_Thieves,Closer,6,1,5,16.7,2,2,3.83,2.92,152.17,4.95,9.3,303,5500,179,66,22.6,18.1
12,Main,100_Thieves,FBI,6,1,5,16.7,2.17,3.17,4.17,2,198.17,6.45,10.9,356,12600,409,71.7,24.5,21.3
12,Main,100_Thieves,huhi,6,1,5,16.7,0.67,3,5.33,2,88.67,2.88,8,261,5000,164,67.9,7.5,15.6
12,Main,100_Thieves,Ssumday,6,1,5,16.7,2.17,2.83,3.33,1.94,263.83,8.58,11.6,378,13900,454,62.3,24.5,22.6
12,Main,Cloud9,Berserker,6,1,5,16.7,1.33,2,2.67,2,240.17,8.83,10.3,378,10700,392,60,20,23.6
12,Main,Cloud9,Blaber,6,1,5,16.7,1,3.17,4.33,1.68,148.17,5.45,8.3,305,6900,254,80,15,19.1
12,Main,Cloud9,Fudge,6,1,5,16.7,0.83,2.17,2.5,1.54,212.67,7.82,9,332,9500,348,50,12.5,20.7
12,Main,Cloud9,Jensen,6,1,5,16.7,2.67,2.83,2.17,1.71,220.5,8.11,10,366,16700,615,72.5,40,22.9
12,Main,Cloud9,Zven,6,1,5,16.7,0.83,4.5,3,0.85,25.5,0.94,6,220,4000,148,57.5,12.5,13.7
12,Main,CTBC_Flying_Oyster,Gemini,6,1,5,16.7,1.33,4.5,4.5,1.3,143.17,4.52,8.9,280,6900,218,72.9,16.7,16.5
12,Main,CTBC_Flying_Oyster,Koala,6,1,5,16.7,0.83,4.83,4.17,1.03,37.33,1.18,7.4,235,5100,161,62.5,10.4,13.9
12,Main,CTBC_Flying_Oyster,Mission,6,1,5,16.7,1.5,3.33,3.67,1.55,300,9.46,13.1,413,20100,634,64.6,18.8,24.4
12,Main,CTBC_Flying_Oyster,Rest,6,1,5,16.7,1.17,3,2.33,1.17,257.33,8.12,11.2,353,13000,409,43.8,14.6,20.9
12,Main,CTBC_Flying_Oyster,Shunn,5,1,4,20,3.2,3.8,2.2,1.42,280.2,8.84,13.2,416,13200,417,62.8,37.2,24.5
12,Main,CTBC_Flying_Oyster,Atlen,1,0,1,0,3,5,2,1,251,7.9,12.8,402,5200,163,100,60,24
12,Main,DRX,BeryL,21,14,7,66.7,0.76,2.24,8,3.91,34.62,1,8.6,250,10200,295,66.7,5.8,13.7
12,Main,DRX,Deft,21,14,7,66.7,3.14,1.76,4.62,4.41,326.57,9.47,15.1,437,20000,581,59.1,23.9,24
12,Main,DRX,Kingen,21,14,7,66.7,2.71,2.19,5.05,3.54,253.95,7.37,12.8,371,16300,473,59.1,20.7,20.4
12,Main,DRX,Zeka,21,14,7,66.7,4,1.57,4.1,5.15,322.62,9.36,14.9,431,16600,481,61.6,30.4,23.7
12,Main,DRX,Pyosik,20,14,6,70,2.5,1.65,6.55,5.48,187.75,5.46,11.5,335,10900,317,68,18.8,18.3
12,Main,DRX,Juhan,1,0,1,0,3,4,6,2.25,165,4.56,10.7,297,12900,357,90,30,18.3
12,Main,DWG_KIA,Canyon,12,7,5,58.3,3.42,2.67,6.75,3.81,176.67,5.59,11.3,358,13300,421,70.1,23.6,19.5
12,Main,DWG_KIA,deokdam,12,7,5,58.3,4.5,1.92,5.42,5.17,280.08,8.86,14.1,447,18600,587,68.4,31,24.4
12,Main,DWG_KIA,Kellin,12,7,5,58.3,0.67,2.08,10.25,5.24,16.42,0.52,7.6,241,5400,170,75.3,4.6,13.2
12,Main,DWG_KIA,Nuguri,12,7,5,58.3,2.5,2.92,4.25,2.31,247.5,7.83,12.2,386,15700,496,46.6,17.2,21
12,Main,DWG_KIA,ShowMaker,12,7,5,58.3,3.42,1.5,5.75,6.11,260.25,8.23,12.7,403,20000,633,63.2,23.6,22
12,Main,EDward_Gaming,Flandre,11,6,5,54.5,2.09,1.82,4.18,3.45,272.45,8.14,12.7,380,16600,495,47.9,16,21.2
12,Main,EDward_Gaming,JieJie,11,6,5,54.5,1.73,2.64,7.82,3.62,183.27,5.48,11,327,10900,327,72.9,13.2,18.3
12,Main,EDward_Gaming,Meiko,11,6,5,54.5,0.91,2.64,8.64,3.62,26.27,0.78,7.9,236,5400,162,72.9,6.9,13.2
12,Main,EDward_Gaming,Scout,11,6,5,54.5,4.18,2.27,4.09,3.64,272.45,8.14,13.6,406,23200,694,63.2,31.9,22.7
12,Main,EDward_Gaming,Viper,11,6,5,54.5,4.18,1.82,5.27,5.2,321.91,9.62,14.8,441,21400,640,72.2,31.9,24.6
12,Main,Evil_Geniuses_2e-NA,Impact,6,1,5,16.7,1.33,3.17,3.67,1.58,202.5,7.04,9.5,332,12500,436,56.6,15.1,20
12,Main,Evil_Geniuses_2e-NA,Inspired,6,1,5,16.7,2.17,2.33,4,2.64,183.5,6.38,9.8,342,9700,336,69.8,24.5,20.6
12,Main,Evil_Geniuses_2e-NA,jojopyun,6,1,5,16.7,1.33,3.83,2.67,1.04,221.67,7.71,10,348,13000,452,45.3,15.1,20.9
12,Main,Evil_Geniuses_2e-NA,Kaori,6,1,5,16.7,3.83,3,2.17,2,256.67,8.92,12.2,423,15700,546,67.9,43.4,25.5
12,Main,Evil_Geniuses_2e-NA,Vulcan,6,1,5,16.7,0.17,3.67,6.33,1.77,21.83,0.76,6.2,215,4500,155,73.6,1.9,13
12,Main,Fnatic,Humanoid,6,2,4,33.3,3.17,2.67,2.83,2.25,297.67,9.66,12.9,419,20900,678,63.2,33.3,24.8
12,Main,Fnatic,Hylissang,6,2,4,33.3,0.17,4.17,7.17,1.76,21.33,0.69,6.8,219,4900,159,77.2,1.8,13
12,Main,Fnatic,Razork,6,2,4,33.3,1.5,2.67,5.17,2.5,155.17,5.03,9.2,299,10000,324,70.2,15.8,17.7
12,Main,Fnatic,Upset,6,2,4,33.3,3.33,1.33,3,4.75,299.5,9.72,13.1,424,15000,486,66.7,35.1,25.1
12,Main,Fnatic,Wunder,6,2,4,33.3,1.33,3,4.17,1.83,221,7.17,10.1,327,11200,362,57.9,14,19.4
12,Main,G2_Esports,BrokenBlade,6,1,5,16.7,2.67,2.83,2.5,1.82,216,7.17,10.4,347,14200,470,56.4,29.1,21.2
12,Main,G2_Esports,caPs,6,1,5,16.7,2.33,2.67,3.33,2.13,243.5,8.08,10.9,363,12500,416,61.8,25.5,22.1
12,Main,G2_Esports,Flakked,6,1,5,16.7,2.67,2.5,3.33,2.4,270,8.96,11.8,390,12000,398,65.5,29.1,23.8
12,Main,G2_Esports,Jankos,6,1,5,16.7,1.33,2.83,6.17,2.65,175.17,5.81,9.7,322,9200,304,81.8,14.5,19.7
12,Main,G2_Esports,Targamas,6,1,5,16.7,0.17,3.17,7,2.26,31.5,1.04,6.5,216,4300,143,78.2,1.8,13.2
12,Main,GAM_Esports,Bie,6,1,5,16.7,1,3.17,5.33,2,32.67,1.03,7,222,5000,158,70.4,11.1,13.6
12,Main,GAM_Esports,Kati,6,1,5,16.7,1.5,3.17,4.83,2,241.67,7.64,10.8,342,13500,428,70.4,16.7,20.9
12,Main,GAM_Esports,Kiaya,6,1,5,16.7,1.67,3.67,3.67,1.45,235.5,7.45,10.7,338,13100,415,59.3,18.5,20.7
12,Main,GAM_Esports,Levi,6,1,5,16.7,2.67,4.5,5.67,1.85,185.83,5.88,10.9,344,16600,524,92.6,29.6,21.1
12,Main,GAM_Esports,Sty1e,6,1,5,16.7,2.17,3.33,3.83,1.8,285.5,9.03,12.3,389,12800,404,66.7,24.1,23.8
12,Main,Gen_2e-G,Chovy,16,10,6,62.5,3.94,1.38,3.63,5.5,304.06,9.68,13.7,438,17500,558,60.5,31.5,24.2
12,Main,Gen_2e-G,Doran,16,10,6,62.5,2,2.44,4.75,2.77,240.94,7.67,11.6,368,13800,439,54,16,20.4
12,Main,Gen_2e-G,Lehends,16,10,6,62.5,0.75,2.5,8.44,3.68,24.56,0.78,7.3,233,6000,191,73.5,6,12.9
12,Main,Gen_2e-G,Peanut,16,10,6,62.5,1.94,1.81,6.69,4.76,176.25,5.61,10.4,330,9800,311,69,15.5,18.3
12,Main,Gen_2e-G,Ruler,16,10,6,62.5,3.88,1.38,4.44,6.05,291,9.26,13.8,438,20000,637,66.5,31,24.2
12,Main,JD_Gaming,369,14,10,4,71.4,3.29,3.36,6.36,2.87,239.43,7.62,12.4,396,18300,584,61.9,21.1,21
12,Main,JD_Gaming,Hope,14,10,4,71.4,4.21,2.64,5.79,3.78,292.43,9.31,14,445,18500,590,64.2,27.1,23.6
12,Main,JD_Gaming,Kanavi,14,10,4,71.4,4.57,2.71,5.86,3.84,211.29,6.73,12.7,406,13300,425,67,29.4,21.5
12,Main,JD_Gaming,Missing,14,10,4,71.4,1.07,2.93,10.29,3.88,21.29,0.68,7.7,247,7200,230,72.9,6.9,13.1
12,Main,JD_Gaming,Yagao,14,10,4,71.4,2.43,2.64,7.14,3.62,254.86,8.12,12.3,392,16600,528,61.5,15.6,20.8
12,Main,Rogue__28-European_Team_29-,Comp,10,4,6,40,4.3,1.8,2.6,3.83,301.8,9.73,14,450,15100,488,62.7,39.1,25.9
12,Main,Rogue__28-European_Team_29-,Larssen,10,4,6,40,3.2,1.2,4.2,6.17,279.8,9.02,13,418,18900,609,67.3,29.1,24.1
12,Main,Rogue__28-European_Team_29-,Malrang,10,4,6,40,1.5,3.1,6.6,2.61,144.8,4.67,9.3,298,8200,265,73.6,13.6,17.2
12,Main,Rogue__28-European_Team_29-,Odoamne,10,4,6,40,1.7,3.1,5,2.16,223.1,7.19,10.7,346,14700,474,60.9,15.5,19.9
12,Main,Rogue__28-European_Team_29-,Trymbi,10,4,6,40,0.3,3.1,7,2.35,20.7,0.67,7,224,6400,208,66.4,2.7,12.9
12,Main,Royal_Never_Give_Up,Breathe,10,5,5,50,3,2.7,3.2,2.3,277.3,8.78,13.1,415,13000,411,47,22.7,22.7
12,Main,Royal_Never_Give_Up,GALA,10,5,5,50,4.4,1.6,4.9,5.81,320.1,10.13,14.3,454,19600,620,70.5,33.3,24.8
12,Main,Royal_Never_Give_Up,Ming,10,5,5,50,0.9,2.7,8.3,3.41,26.2,0.83,7.5,237,5300,167,69.7,6.8,13
12,Main,Royal_Never_Give_Up,Wei,10,5,5,50,2.2,2.4,7.4,4,157.7,4.99,10.4,328,9200,292,72.7,16.7,18
12,Main,Royal_Never_Give_Up,Xiaohu,10,5,5,50,2.7,2.6,4.8,2.88,272.1,8.61,12.5,394,15300,483,56.8,20.5,21.6
12,Main,T1,Faker,18,13,5,72.2,3.39,3.11,5.33,2.8,251.94,7.89,12.7,397,19800,621,54,21,20.8
12,Main,T1,Gumayusi,18,13,5,72.2,5,1.44,5.94,7.58,308.33,9.66,15.1,472,19700,617,67.7,30.9,24.7
12,Main,T1,Keria,18,13,5,72.2,1.39,1.61,10.89,7.62,21.83,0.68,8.5,265,8200,258,75.9,8.6,13.9
12,Main,T1,Oner,18,13,5,72.2,2.78,2.39,8.06,4.53,182.83,5.73,11.5,360,11500,361,67,17.2,18.8
12,Main,T1,Zeus,18,13,5,72.2,3.61,3.17,6.61,3.23,244.94,7.67,13.3,417,19500,611,63.2,22.3,21.8
12,Main,Top_Esports,JackeyLove,6,3,3,50,5.33,2.33,5.17,4.5,295.33,9.37,15.3,486,20700,656,76.8,39,26.1
12,Main,Top_Esports,knight,6,3,3,50,4.33,1.17,5.5,8.43,283.5,8.99,13.9,442,22400,711,72,31.7,23.7
12,Main,Top_Esports,Mark,6,3,3,50,1.17,2,9.33,5.25,24,0.76,7.7,245,5400,171,76.8,8.5,13.1
12,Main,Top_Esports,Tian,6,3,3,50,1.83,2.33,7.33,3.93,174,5.52,10.5,332,10900,344,67.1,13.4,17.8
12,Main,Top_Esports,Wayward,6,3,3,50,1,4,4.5,1.38,254.33,8.07,11.3,360,10600,338,40.2,7.3,19.3
